Size,AvgTime(ms)
10,0.000538
100,0.007474
1000,0.110341
10000,1.3704
100000,17.2534